time,rbmqInstance.obs_xpos,rbmqInstance.obs_ypos,rbmqInstance.obstacles,rbmqInstance.simtime_discrepancy,rbmqInstance.time_discrepancy,rbmqInstance.xpos,rbmqInstance.ypos,sMonitorInstance.command_stop,sMonitorInstance.dist,sMonitorInstance.flag,sMonitorInstance.obs_xpos_output,sMonitorInstance.obs_ypos_output,sMonitorInstance.robotti_xpos_output,sMonitorInstance.robotti_ypos_output
0.0,21.8552999992288,-0.6455240043648194,DADA,0.4243,0.4242,0.012147755448496778,4.921510705396233E-4,0,0.0,0,0.0,0.0,0.0,0.0
0.1,21.8552999992288,-0.6455240043648194,DADA,0.4243,0.4242,0.012147755448496778,4.921510705396233E-4,0,21.852703192466787,0,21.8552999992288,-0.6455240043648194,0.012147755448496778,4.921510705396233E-4
0.2,21.8552999992288,-0.6455240043648194,DADA,0.4243,0.4242,0.012147755448496778,4.921510705396233E-4,0,21.852703192466787,0,21.8552999992288,-0.6455240043648194,0.012147755448496778,4.921510705396233E-4
0.30000000000000004,21.8552999992288,-0.6455240043648194,DADA,0.4243,0.4242,0.012147755448496778,4.921510705396233E-4,0,21.852703192466787,0,21.8552999992288,-0.6455240043648194,0.012147755448496778,4.921510705396233E-4
0.4,21.8552999992288,-0.6455240043648194,DADA,0.4243,0.4242,0.012147755448496778,4.921510705396233E-4,0,21.852703192466787,0,21.8552999992288,-0.6455240043648194,0.012147755448496778,4.921510705396233E-4
0.5,21.8552999992288,-0.6455240043648194,DADA,0.4243,0.4242,0.012147755448496778,4.921510705396233E-4,0,21.852703192466787,0,21.8552999992288,-0.6455240043648194,0.012147755448496778,4.921510705396233E-4
0.6,21.8552999992288,-0.6455240043648194,DADA,0.4243,0.4242,0.012147755448496778,4.921510705396233E-4,0,21.852703192466787,0,21.8552999992288,-0.6455240043648194,0.012147755448496778,4.921510705396233E-4
0.7,21.8552999992288,-0.6455240043648194,DADA,0.4243,0.4242,0.012147755448496778,4.921510705396233E-4,0,21.852703192466787,0,21.8552999992288,-0.6455240043648194,0.012147755448496778,4.921510705396233E-4
0.7999999999999999,21.8552999992288,-0.6455240043648194,DADA,0.4243,0.4242,0.012147755448496778,4.921510705396233E-4,0,21.852703192466787,0,21.8552999992288,-0.6455240043648194,0.012147755448496778,4.921510705396233E-4
0.8999999999999999,21.8552999992288,-0.6455240043648194,DADA,0.4243,0.4242,0.012147755448496778,4.921510705396233E-4,0,21.852703192466787,0,21.8552999992288,-0.6455240043648194,0.012147755448496778,4.921510705396233E-4
0.9999999999999999,21.8552999992288,-0.6455240043648194,DADA,0.4243,0.4242,0.012147755448496778,4.921510705396233E-4,0,21.852703192466787,0,21.8552999992288,-0.6455240043648194,0.012147755448496778,4.921510705396233E-4
1.0999999999999999,21.8552999992288,-0.6455240043648194,DADA,0.4243,0.4242,0.012147755448496778,4.921510705396233E-4,0,21.852703192466787,0,21.8552999992288,-0.6455240043648194,0.012147755448496778,4.921510705396233E-4
1.2,21.8552999992288,-0.6455240043648194,DADA,0.4243,0.4242,0.012147755448496778,4.921510705396233E-4,0,21.852703192466787,0,21.8552999992288,-0.6455240043648194,0.012147755448496778,4.921510705396233E-4
1.3,21.8552999992288,-0.6455240043648194,DADA,0.4243,0.4242,0.012147755448496778,4.921510705396233E-4,0,21.852703192466787,0,21.8552999992288,-0.6455240043648194,0.012147755448496778,4.921510705396233E-4
1.4000000000000001,21.8552999992288,-0.6455240043648194,DADA,0.4243,0.4242,0.012147755448496778,4.921510705396233E-4,0,21.852703192466787,0,21.8552999992288,-0.6455240043648194,0.012147755448496778,4.921510705396233E-4
1.5000000000000002,21.8552999992288,-0.6455240043648194,DADA,0.4243,0.4242,0.012147755448496778,4.921510705396233E-4,0,21.852703192466787,0,21.8552999992288,-0.6455240043648194,0.012147755448496778,4.921510705396233E-4
1.6000000000000003,21.8552999992288,-0.6455240043648194,DADA,0.4243,0.4242,0.012147755448496778,4.921510705396233E-4,0,21.852703192466787,0,21.8552999992288,-0.6455240043648194,0.012147755448496778,4.921510705396233E-4
1.7000000000000004,21.8552999992288,-0.6455240043648194,DADA,0.4243,0.4242,0.012147755448496778,4.921510705396233E-4,0,21.852703192466787,0,21.8552999992288,-0.6455240043648194,0.012147755448496778,4.921510705396233E-4
1.8000000000000005,21.8552999992288,-0.6455240043648194,DADA,0.4243,0.4242,0.012147755448496778,4.921510705396233E-4,0,21.852703192466787,0,21.8552999992288,-0.6455240043648194,0.012147755448496778,4.921510705396233E-4
1.9000000000000006,21.8552999992288,-0.6455240043648194,DADA,0.4243,0.4242,0.012147755448496778,4.921510705396233E-4,0,21.852703192466787,0,21.8552999992288,-0.6455240043648194,0.012147755448496778,4.921510705396233E-4
2.0000000000000004,21.8552999992288,-0.6455240043648194,DADA,0.4243,0.4242,0.012147755448496778,4.921510705396233E-4,0,21.852703192466787,0,21.8552999992288,-0.6455240043648194,0.012147755448496778,4.921510705396233E-4
2.1000000000000005,21.8552999992288,-0.6455240043648194,DADA,0.0,-1.613576331897E12,0.012582860011734809,5.167136536360491E-4,0,21.852703192466787,0,21.8552999992288,-0.6455240043648194,0.012147755448496778,4.921510705396233E-4
2.2000000000000006,21.8552999992288,-0.6455240043648194,DADA,0.0,-1.613576331897E12,0.012582860011734809,5.167136536360491E-4,0,21.852269004228937,0,21.8552999992288,-0.6455240043648194,0.012582860011734809,5.167136536360491E-4
2.3000000000000007,21.8552999992288,-0.6455240043648194,DADA,0.0,-1.613576331897E12,0.012582860011734809,5.167136536360491E-4,0,21.852269004228937,0,21.8552999992288,-0.6455240043648194,0.012582860011734809,5.167136536360491E-4
2.400000000000001,21.8552999992288,-0.6455240043648194,DADA,0.0,-1.613576331897E12,0.012582860011734809,5.167136536360491E-4,0,21.852269004228937,0,21.8552999992288,-0.6455240043648194,0.012582860011734809,5.167136536360491E-4
2.500000000000001,21.8552999992288,-0.6455240043648194,DADA,0.0,-1.613576331897E12,0.012582860011734809,5.167136536360491E-4,0,21.852269004228937,0,21.8552999992288,-0.6455240043648194,0.012582860011734809,5.167136536360491E-4
2.600000000000001,21.8552999992288,-0.6455240043648194,DADA,0.0,-1.613576331897E12,0.012582860011734809,5.167136536360491E-4,0,21.852269004228937,0,21.8552999992288,-0.6455240043648194,0.012582860011734809,5.167136536360491E-4
2.700000000000001,21.8552999992288,-0.6455240043648194,DADA,0.0,-1.613576331897E12,0.012582860011734809,5.167136536360491E-4,0,21.852269004228937,0,21.8552999992288,-0.6455240043648194,0.012582860011734809,5.167136536360491E-4
2.800000000000001,21.8552999992288,-0.6455240043648194,DADA,0.0,-1.613576331897E12,0.012582860011734809,5.167136536360491E-4,0,21.852269004228937,0,21.8552999992288,-0.6455240043648194,0.012582860011734809,5.167136536360491E-4
2.9000000000000012,21.8552999992288,-0.6455240043648194,DADA,0.0,-1.613576331897E12,0.012582860011734809,5.167136536360491E-4,0,21.852269004228937,0,21.8552999992288,-0.6455240043648194,0.012582860011734809,5.167136536360491E-4
3.0000000000000013,21.8552999992288,-0.6455240043648194,DADA,0.0,-1.613576331897E12,0.012582860011734809,5.167136536360491E-4,0,21.852269004228937,0,21.8552999992288,-0.6455240043648194,0.012582860011734809,5.167136536360491E-4
3.1000000000000014,21.8552999992288,-0.6455240043648194,DADA,0.0,-1.613576333428E12,0.048257152626223654,4.858326170877023E-4,0,21.852269004228937,0,21.8552999992288,-0.6455240043648194,0.012582860011734809,5.167136536360491E-4
3.2000000000000015,21.8552999992288,-0.6455240043648194,DADA,0.0,-1.613576333428E12,0.048257152626223654,4.858326170877023E-4,0,21.816609416291936,0,21.8552999992288,-0.6455240043648194,0.048257152626223654,4.858326170877023E-4
3.3000000000000016,21.8552999992288,-0.6455240043648194,DADA,0.0,-1.613576333428E12,0.048257152626223654,4.858326170877023E-4,0,21.816609416291936,0,21.8552999992288,-0.6455240043648194,0.048257152626223654,4.858326170877023E-4
3.4000000000000017,21.8552999992288,-0.6455240043648194,DADA,0.0,-1.613576333428E12,0.048257152626223654,4.858326170877023E-4,0,21.816609416291936,0,21.8552999992288,-0.6455240043648194,0.048257152626223654,4.858326170877023E-4
3.5000000000000018,21.8552999992288,-0.6455240043648194,DADA,0.0,-1.613576333428E12,0.048257152626223654,4.858326170877023E-4,0,21.816609416291936,0,21.8552999992288,-0.6455240043648194,0.048257152626223654,4.858326170877023E-4
3.600000000000002,21.8552999992288,-0.6455240043648194,DADA,0.0,-1.613576333428E12,0.048257152626223654,4.858326170877023E-4,0,21.816609416291936,0,21.8552999992288,-0.6455240043648194,0.048257152626223654,4.858326170877023E-4
3.700000000000002,21.8552999992288,-0.6455240043648194,DADA,0.0,-1.613576333428E12,0.048257152626223654,4.858326170877023E-4,0,21.816609416291936,0,21.8552999992288,-0.6455240043648194,0.048257152626223654,4.858326170877023E-4
3.800000000000002,21.8552999992288,-0.6455240043648194,DADA,0.0,-1.613576333428E12,0.048257152626223654,4.858326170877023E-4,0,21.816609416291936,0,21.8552999992288,-0.6455240043648194,0.048257152626223654,4.858326170877023E-4
3.900000000000002,21.8552999992288,-0.6455240043648194,DADA,0.0,-1.613576333428E12,0.048257152626223654,4.858326170877023E-4,0,21.816609416291936,0,21.8552999992288,-0.6455240043648194,0.048257152626223654,4.858326170877023E-4
4.000000000000002,21.8552999992288,-0.6455240043648194,DADA,0.0,-1.613576333428E12,0.048257152626223654,4.858326170877023E-4,0,21.816609416291936,0,21.8552999992288,-0.6455240043648194,0.048257152626223654,4.858326170877023E-4
4.100000000000001,21.8552999992288,-0.6455240043648194,DADA,0.0,-1.61357633441E12,0.2056900515801403,4.415120082218349E-4,0,21.816609416291936,0,21.8552999992288,-0.6455240043648194,0.048257152626223654,4.858326170877023E-4
4.200000000000001,21.8552999992288,-0.6455240043648194,DADA,0.0,-1.61357633441E12,0.2056900515801403,4.415120082218349E-4,0,21.659244731376738,0,21.8552999992288,-0.6455240043648194,0.2056900515801403,4.415120082218349E-4
4.300000000000001,21.8552999992288,-0.6455240043648194,DADA,0.0,-1.61357633441E12,0.2056900515801403,4.415120082218349E-4,0,21.659244731376738,0,21.8552999992288,-0.6455240043648194,0.2056900515801403,4.415120082218349E-4
4.4,21.8552999992288,-0.6455240043648194,DADA,0.0,-1.61357633441E12,0.2056900515801403,4.415120082218349E-4,0,21.659244731376738,0,21.8552999992288,-0.6455240043648194,0.2056900515801403,4.415120082218349E-4
4.5,21.8552999992288,-0.6455240043648194,DADA,0.0,-1.61357633441E12,0.2056900515801403,4.415120082218349E-4,0,21.659244731376738,0,21.8552999992288,-0.6455240043648194,0.2056900515801403,4.415120082218349E-4
4.6,21.8552999992288,-0.6455240043648194,DADA,0.0,-1.61357633441E12,0.2056900515801403,4.415120082218349E-4,0,21.659244731376738,0,21.8552999992288,-0.6455240043648194,0.2056900515801403,4.415120082218349E-4
4.699999999999999,21.8552999992288,-0.6455240043648194,DADA,0.0,-1.61357633441E12,0.2056900515801403,4.415120082218349E-4,0,21.659244731376738,0,21.8552999992288,-0.6455240043648194,0.2056900515801403,4.415120082218349E-4
4.799999999999999,21.8552999992288,-0.6455240043648194,DADA,0.0,-1.61357633441E12,0.2056900515801403,4.415120082218349E-4,0,21.659244731376738,0,21.8552999992288,-0.6455240043648194,0.2056900515801403,4.415120082218349E-4
4.899999999999999,21.8552999992288,-0.6455240043648194,DADA,0.0,-1.61357633441E12,0.2056900515801403,4.415120082218349E-4,0,21.659244731376738,0,21.8552999992288,-0.6455240043648194,0.2056900515801403,4.415120082218349E-4
4.999999999999998,21.8552999992288,-0.6455240043648194,DADA,0.0,-1.61357633441E12,0.2056900515801403,4.415120082218349E-4,0,21.659244731376738,0,21.8552999992288,-0.6455240043648194,0.2056900515801403,4.415120082218349E-4
5.099999999999998,21.8552999992288,-0.6455240043648194,DADA,0.0,-1.613576335473E12,0.54940574429331,2.4818884959323625E-4,0,21.659244731376738,0,21.8552999992288,-0.6455240043648194,0.2056900515801403,4.415120082218349E-4
5.1999999999999975,21.8552999992288,-0.6455240043648194,DADA,0.0,-1.613576335473E12,0.54940574429331,2.4818884959323625E-4,0,21.315678542519404,0,21.8552999992288,-0.6455240043648194,0.54940574429331,2.4818884959323625E-4
5.299999999999997,21.8552999992288,-0.6455240043648194,DADA,0.0,-1.613576335473E12,0.54940574429331,2.4818884959323625E-4,0,21.315678542519404,0,21.8552999992288,-0.6455240043648194,0.54940574429331,2.4818884959323625E-4
5.399999999999997,21.8552999992288,-0.6455240043648194,DADA,0.0,-1.613576335473E12,0.54940574429331,2.4818884959323625E-4,0,21.315678542519404,0,21.8552999992288,-0.6455240043648194,0.54940574429331,2.4818884959323625E-4
5.4999999999999964,21.8552999992288,-0.6455240043648194,DADA,0.0,-1.613576335473E12,0.54940574429331,2.4818884959323625E-4,0,21.315678542519404,0,21.8552999992288,-0.6455240043648194,0.54940574429331,2.4818884959323625E-4
5.599999999999996,21.8552999992288,-0.6455240043648194,DADA,0.0,-1.613576335473E12,0.54940574429331,2.4818884959323625E-4,0,21.315678542519404,0,21.8552999992288,-0.6455240043648194,0.54940574429331,2.4818884959323625E-4
5.699999999999996,21.8552999992288,-0.6455240043648194,DADA,0.0,-1.613576335473E12,0.54940574429331,2.4818884959323625E-4,0,21.315678542519404,0,21.8552999992288,-0.6455240043648194,0.54940574429331,2.4818884959323625E-4
5.799999999999995,21.8552999992288,-0.6455240043648194,DADA,0.0,-1.613576335473E12,0.54940574429331,2.4818884959323625E-4,0,21.315678542519404,0,21.8552999992288,-0.6455240043648194,0.54940574429331,2.4818884959323625E-4
5.899999999999995,21.8552999992288,-0.6455240043648194,DADA,0.0,-1.613576335473E12,0.54940574429331,2.4818884959323625E-4,0,21.315678542519404,0,21.8552999992288,-0.6455240043648194,0.54940574429331,2.4818884959323625E-4
5.999999999999995,21.8552999992288,-0.6455240043648194,DADA,0.0,-1.613576335473E12,0.54940574429331,2.4818884959323625E-4,0,21.315678542519404,0,21.8552999992288,-0.6455240043648194,0.54940574429331,2.4818884959323625E-4
6.099999999999994,21.8552999992288,-0.6455240043648194,DADA,0.0,-1.613576336424E12,1.0456976126105857,1.6288585778620343E-4,0,21.315678542519404,0,21.8552999992288,-0.6455240043648194,0.54940574429331,2.4818884959323625E-4
6.199999999999994,21.8552999992288,-0.6455240043648194,DADA,0.0,-1.613576336424E12,1.0456976126105857,1.6288585778620343E-4,0,20.819617264718193,0,21.8552999992288,-0.6455240043648194,1.0456976126105857,1.6288585778620343E-4
6.299999999999994,21.8552999992288,-0.6455240043648194,DADA,0.0,-1.613576336424E12,1.0456976126105857,1.6288585778620343E-4,0,20.819617264718193,0,21.8552999992288,-0.6455240043648194,1.0456976126105857,1.6288585778620343E-4
6.399999999999993,21.8552999992288,-0.6455240043648194,DADA,0.0,-1.613576336424E12,1.0456976126105857,1.6288585778620343E-4,0,20.819617264718193,0,21.8552999992288,-0.6455240043648194,1.0456976126105857,1.6288585778620343E-4
6.499999999999993,21.8552999992288,-0.6455240043648194,DADA,0.0,-1.613576336424E12,1.0456976126105857,1.6288585778620343E-4,0,20.819617264718193,0,21.8552999992288,-0.6455240043648194,1.0456976126105857,1.6288585778620343E-4
6.5999999999999925,21.8552999992288,-0.6455240043648194,DADA,0.0,-1.613576336424E12,1.0456976126105857,1.6288585778620343E-4,0,20.819617264718193,0,21.8552999992288,-0.6455240043648194,1.0456976126105857,1.6288585778620343E-4
6.699999999999992,21.8552999992288,-0.6455240043648194,DADA,0.0,-1.613576336424E12,1.0456976126105857,1.6288585778620343E-4,0,20.819617264718193,0,21.8552999992288,-0.6455240043648194,1.0456976126105857,1.6288585778620343E-4
6.799999999999992,21.8552999992288,-0.6455240043648194,DADA,0.0,-1.613576336424E12,1.0456976126105857,1.6288585778620343E-4,0,20.819617264718193,0,21.8552999992288,-0.6455240043648194,1.0456976126105857,1.6288585778620343E-4
6.8999999999999915,21.8552999992288,-0.6455240043648194,DADA,0.0,-1.613576336424E12,1.0456976126105857,1.6288585778620343E-4,0,20.819617264718193,0,21.8552999992288,-0.6455240043648194,1.0456976126105857,1.6288585778620343E-4
6.999999999999991,21.8552999992288,-0.6455240043648194,DADA,0.0,-1.613576336424E12,1.0456976126105857,1.6288585778620343E-4,0,20.819617264718193,0,21.8552999992288,-0.6455240043648194,1.0456976126105857,1.6288585778620343E-4
7.099999999999991,21.8552999992288,-0.6455240043648194,DADA,0.0,-1.613576337354E12,1.5459107699288204,2.5336372425475143E-4,0,20.819617264718193,0,21.8552999992288,-0.6455240043648194,1.0456976126105857,1.6288585778620343E-4
7.19999999999999,21.8552999992288,-0.6455240043648194,DADA,0.0,-1.613576337354E12,1.5459107699288204,2.5336372425475143E-4,0,20.31965352254664,0,21.8552999992288,-0.6455240043648194,1.5459107699288204,2.5336372425475143E-4
7.29999999999999,21.8552999992288,-0.6455240043648194,DADA,0.0,-1.613576337354E12,1.5459107699288204,2.5336372425475143E-4,0,20.31965352254664,0,21.8552999992288,-0.6455240043648194,1.5459107699288204,2.5336372425475143E-4
7.39999999999999,21.8552999992288,-0.6455240043648194,DADA,0.0,-1.613576337354E12,1.5459107699288204,2.5336372425475143E-4,0,20.31965352254664,0,21.8552999992288,-0.6455240043648194,1.5459107699288204,2.5336372425475143E-4
7.499999999999989,21.8552999992288,-0.6455240043648194,DADA,0.0,-1.613576337354E12,1.5459107699288204,2.5336372425475143E-4,0,20.31965352254664,0,21.8552999992288,-0.6455240043648194,1.5459107699288204,2.5336372425475143E-4
7.599999999999989,21.8552999992288,-0.6455240043648194,DADA,0.0,-1.613576337354E12,1.5459107699288204,2.5336372425475143E-4,0,20.31965352254664,0,21.8552999992288,-0.6455240043648194,1.5459107699288204,2.5336372425475143E-4
7.699999999999989,21.8552999992288,-0.6455240043648194,DADA,0.0,-1.613576337354E12,1.5459107699288204,2.5336372425475143E-4,0,20.31965352254664,0,21.8552999992288,-0.6455240043648194,1.5459107699288204,2.5336372425475143E-4
7.799999999999988,21.8552999992288,-0.6455240043648194,DADA,0.0,-1.613576337354E12,1.5459107699288204,2.5336372425475143E-4,0,20.31965352254664,0,21.8552999992288,-0.6455240043648194,1.5459107699288204,2.5336372425475143E-4
7.899999999999988,21.8552999992288,-0.6455240043648194,DADA,0.0,-1.613576337354E12,1.5459107699288204,2.5336372425475143E-4,0,20.31965352254664,0,21.8552999992288,-0.6455240043648194,1.5459107699288204,2.5336372425475143E-4
7.999999999999988,21.8552999992288,-0.6455240043648194,DADA,0.0,-1.613576337354E12,1.5459107699288204,2.5336372425475143E-4,0,20.31965352254664,0,21.8552999992288,-0.6455240043648194,1.5459107699288204,2.5336372425475143E-4
8.099999999999987,21.8552999992288,-0.6455240043648194,DADA,0.0,-1.613576338352E12,2.050568993192966,4.895870949497604E-4,0,20.31965352254664,0,21.8552999992288,-0.6455240043648194,1.5459107699288204,2.5336372425475143E-4
8.199999999999987,21.8552999992288,-0.6455240043648194,DADA,0.0,-1.613576338352E12,2.050568993192966,4.895870949497604E-4,0,19.81526441362285,0,21.8552999992288,-0.6455240043648194,2.050568993192966,4.895870949497604E-4
8.299999999999986,21.8552999992288,-0.6455240043648194,DADA,0.0,-1.613576338352E12,2.050568993192966,4.895870949497604E-4,0,19.81526441362285,0,21.8552999992288,-0.6455240043648194,2.050568993192966,4.895870949497604E-4
8.399999999999986,21.8552999992288,-0.6455240043648194,DADA,0.0,-1.613576338352E12,2.050568993192966,4.895870949497604E-4,0,19.81526441362285,0,21.8552999992288,-0.6455240043648194,2.050568993192966,4.895870949497604E-4
8.499999999999986,21.8552999992288,-0.6455240043648194,DADA,0.0,-1.613576338352E12,2.050568993192966,4.895870949497604E-4,0,19.81526441362285,0,21.8552999992288,-0.6455240043648194,2.050568993192966,4.895870949497604E-4
8.599999999999985,21.8552999992288,-0.6455240043648194,DADA,0.0,-1.613576338352E12,2.050568993192966,4.895870949497604E-4,0,19.81526441362285,0,21.8552999992288,-0.6455240043648194,2.050568993192966,4.895870949497604E-4
8.699999999999985,21.8552999992288,-0.6455240043648194,DADA,0.0,-1.613576338352E12,2.050568993192966,4.895870949497604E-4,0,19.81526441362285,0,21.8552999992288,-0.6455240043648194,2.050568993192966,4.895870949497604E-4
8.799999999999985,21.8552999992288,-0.6455240043648194,DADA,0.0,-1.613576338352E12,2.050568993192966,4.895870949497604E-4,0,19.81526441362285,0,21.8552999992288,-0.6455240043648194,2.050568993192966,4.895870949497604E-4
8.899999999999984,21.8552999992288,-0.6455240043648194,DADA,0.0,-1.613576338352E12,2.050568993192966,4.895870949497604E-4,0,19.81526441362285,0,21.8552999992288,-0.6455240043648194,2.050568993192966,4.895870949497604E-4
8.999999999999984,21.8552999992288,-0.6455240043648194,DADA,0.0,-1.613576338352E12,2.050568993192966,4.895870949497604E-4,0,19.81526441362285,0,21.8552999992288,-0.6455240043648194,2.050568993192966,4.895870949497604E-4
9.099999999999984,21.8552999992288,-0.6455240043648194,DADA,0.0,-1.613576339217E12,2.551151425042299,7.76018136578985E-5,0,19.81526441362285,0,21.8552999992288,-0.6455240043648194,2.050568993192966,4.895870949497604E-4
9.199999999999983,21.8552999992288,-0.6455240043648194,DADA,0.0,-1.613576339217E12,2.551151425042299,7.76018136578985E-5,0,19.31494120126093,0,21.8552999992288,-0.6455240043648194,2.551151425042299,7.76018136578985E-5
9.299999999999983,21.8552999992288,-0.6455240043648194,DADA,0.0,-1.613576339217E12,2.551151425042299,7.76018136578985E-5,0,19.31494120126093,0,21.8552999992288,-0.6455240043648194,2.551151425042299,7.76018136578985E-5
9.399999999999983,21.8552999992288,-0.6455240043648194,DADA,0.0,-1.613576339217E12,2.551151425042299,7.76018136578985E-5,0,19.31494120126093,0,21.8552999992288,-0.6455240043648194,2.551151425042299,7.76018136578985E-5
9.499999999999982,21.8552999992288,-0.6455240043648194,DADA,0.0,-1.613576339217E12,2.551151425042299,7.76018136578985E-5,0,19.31494120126093,0,21.8552999992288,-0.6455240043648194,2.551151425042299,7.76018136578985E-5
9.599999999999982,21.8552999992288,-0.6455240043648194,DADA,0.0,-1.613576339217E12,2.551151425042299,7.76018136578985E-5,0,19.31494120126093,0,21.8552999992288,-0.6455240043648194,2.551151425042299,7.76018136578985E-5
9.699999999999982,21.8552999992288,-0.6455240043648194,DADA,0.0,-1.613576339217E12,2.551151425042299,7.76018136578985E-5,0,19.31494120126093,0,21.8552999992288,-0.6455240043648194,2.551151425042299,7.76018136578985E-5
9.799999999999981,21.8552999992288,-0.6455240043648194,DADA,0.0,-1.613576339217E12,2.551151425042299,7.76018136578985E-5,0,19.31494120126093,0,21.8552999992288,-0.6455240043648194,2.551151425042299,7.76018136578985E-5
9.89999999999998,21.8552999992288,-0.6455240043648194,DADA,0.0,-1.613576339217E12,2.551151425042299,7.76018136578985E-5,0,19.31494120126093,0,21.8552999992288,-0.6455240043648194,2.551151425042299,7.76018136578985E-5
9.99999999999998,21.8552999992288,-0.6455240043648194,DADA,0.0,-1.613576339217E12,2.551151425042299,7.76018136578985E-5,0,19.31494120126093,0,21.8552999992288,-0.6455240043648194,2.551151425042299,7.76018136578985E-5
10.09999999999998,21.8552999992288,-0.6455240043648194,DADA,0.0,-1.613576340059E12,3.0596784542573685,-1.7580996477661523E-4,0,53.5970371569075,0,21.8552999992288,50.0,2.551151425042299,7.76018136578985E-5
10.19999999999998,21.8552999992288,-0.6455240043648194,DADA,0.0,-1.613576340059E12,3.0596784542573685,-1.7580996477661523E-4,0,53.416223849025315,0,21.8552999992288,50.0,3.0596784542573685,-1.7580996477661523E-4
10.29999999999998,21.8552999992288,-0.6455240043648194,DADA,0.0,-1.613576340059E12,3.0596784542573685,-1.7580996477661523E-4,0,53.416223849025315,0,21.8552999992288,50.0,3.0596784542573685,-1.7580996477661523E-4
10.399999999999979,21.8552999992288,-0.6455240043648194,DADA,0.0,-1.613576340059E12,3.0596784542573685,-1.7580996477661523E-4,0,53.416223849025315,0,21.8552999992288,50.0,3.0596784542573685,-1.7580996477661523E-4
10.499999999999979,21.8552999992288,-0.6455240043648194,DADA,0.0,-1.613576340059E12,3.0596784542573685,-1.7580996477661523E-4,0,53.416223849025315,0,21.8552999992288,50.0,3.0596784542573685,-1.7580996477661523E-4
10.599999999999978,21.8552999992288,-0.6455240043648194,DADA,0.0,-1.613576340059E12,3.0596784542573685,-1.7580996477661523E-4,0,53.416223849025315,0,21.8552999992288,50.0,3.0596784542573685,-1.7580996477661523E-4
10.699999999999978,21.8552999992288,-0.6455240043648194,DADA,0.0,-1.613576340059E12,3.0596784542573685,-1.7580996477661523E-4,0,53.416223849025315,0,21.8552999992288,50.0,3.0596784542573685,-1.7580996477661523E-4
10.799999999999978,21.8552999992288,-0.6455240043648194,DADA,0.0,-1.613576340059E12,3.0596784542573685,-1.7580996477661523E-4,0,53.416223849025315,0,21.8552999992288,50.0,3.0596784542573685,-1.7580996477661523E-4
10.899999999999977,21.8552999992288,-0.6455240043648194,DADA,0.0,-1.613576340059E12,3.0596784542573685,-1.7580996477661523E-4,0,53.416223849025315,0,21.8552999992288,50.0,3.0596784542573685,-1.7580996477661523E-4
10.999999999999977,21.8552999992288,-0.6455240043648194,DADA,0.0,-1.613576340059E12,3.0596784542573685,-1.7580996477661523E-4,0,53.416223849025315,0,21.8552999992288,50.0,3.0596784542573685,-1.7580996477661523E-4
11.099999999999977,21.8552999992288,-0.6455240043648194,DADA,0.0,-1.61357634108E12,3.5591992054368853,-4.932847244336941E-4,0,53.416223849025315,0,21.8552999992288,50.0,3.0596784542573685,-1.7580996477661523E-4
11.199999999999976,21.8552999992288,-0.6455240043648194,DADA,0.0,-1.61357634108E12,3.5591992054368853,-4.932847244336941E-4,0,53.24280827466153,0,21.8552999992288,50.0,3.5591992054368853,-4.932847244336941E-4
11.299999999999976,21.8552999992288,-0.6455240043648194,DADA,0.0,-1.61357634108E12,3.5591992054368853,-4.932847244336941E-4,0,53.24280827466153,0,21.8552999992288,50.0,3.5591992054368853,-4.932847244336941E-4
11.399999999999975,21.8552999992288,-0.6455240043648194,DADA,0.0,-1.61357634108E12,3.5591992054368853,-4.932847244336941E-4,0,53.24280827466153,0,21.8552999992288,50.0,3.5591992054368853,-4.932847244336941E-4
11.499999999999975,21.8552999992288,-0.6455240043648194,DADA,0.0,-1.61357634108E12,3.5591992054368853,-4.932847244336941E-4,0,53.24280827466153,0,21.8552999992288,50.0,3.5591992054368853,-4.932847244336941E-4
11.599999999999975,21.8552999992288,-0.6455240043648194,DADA,0.0,-1.61357634108E12,3.5591992054368853,-4.932847244336941E-4,0,53.24280827466153,0,21.8552999992288,50.0,3.5591992054368853,-4.932847244336941E-4
11.699999999999974,21.8552999992288,-0.6455240043648194,DADA,0.0,-1.61357634108E12,3.5591992054368853,-4.932847244336941E-4,0,53.24280827466153,0,21.8552999992288,50.0,3.5591992054368853,-4.932847244336941E-4
11.799999999999974,21.8552999992288,-0.6455240043648194,DADA,0.0,-1.61357634108E12,3.5591992054368853,-4.932847244336941E-4,0,53.24280827466153,0,21.8552999992288,50.0,3.5591992054368853,-4.932847244336941E-4
11.899999999999974,21.8552999992288,-0.6455240043648194,DADA,0.0,-1.61357634108E12,3.5591992054368853,-4.932847244336941E-4,0,53.24280827466153,0,21.8552999992288,50.0,3.5591992054368853,-4.932847244336941E-4
11.999999999999973,21.8552999992288,-0.6455240043648194,DADA,0.0,-1.61357634108E12,3.5591992054368853,-4.932847244336941E-4,0,53.24280827466153,0,21.8552999992288,50.0,3.5591992054368853,-4.932847244336941E-4
12.099999999999973,21.8552999992288,-0.6455240043648194,DADA,0.0,-1.613576342233E12,4.059112323256851,-7.756421412938243E-4,0,53.24280827466153,0,21.8552999992288,50.0,3.5591992054368853,-4.932847244336941E-4
12.199999999999973,21.8552999992288,-0.6455240043648194,DADA,0.0,-1.613576342233E12,4.059112323256851,-7.756421412938243E-4,0,53.07336300456347,0,21.8552999992288,50.0,4.059112323256851,-7.756421412938243E-4
12.299999999999972,21.8552999992288,-0.6455240043648194,DADA,0.0,-1.613576342233E12,4.059112323256851,-7.756421412938243E-4,0,53.07336300456347,0,21.8552999992288,50.0,4.059112323256851,-7.756421412938243E-4
12.399999999999972,21.8552999992288,-0.6455240043648194,DADA,0.0,-1.613576342233E12,4.059112323256851,-7.756421412938243E-4,0,53.07336300456347,0,21.8552999992288,50.0,4.059112323256851,-7.756421412938243E-4
12.499999999999972,21.8552999992288,-0.6455240043648194,DADA,0.0,-1.613576342233E12,4.059112323256851,-7.756421412938243E-4,0,53.07336300456347,0,21.8552999992288,50.0,4.059112323256851,-7.756421412938243E-4
12.599999999999971,21.8552999992288,-0.6455240043648194,DADA,0.0,-1.613576342233E12,4.059112323256851,-7.756421412938243E-4,0,53.07336300456347,0,21.8552999992288,50.0,4.059112323256851,-7.756421412938243E-4
12.69999999999997,21.8552999992288,-0.6455240043648194,DADA,0.0,-1.613576342233E12,4.059112323256851,-7.756421412938243E-4,0,53.07336300456347,0,21.8552999992288,50.0,4.059112323256851,-7.756421412938243E-4
12.79999999999997,21.8552999992288,-0.6455240043648194,DADA,0.0,-1.613576342233E12,4.059112323256851,-7.756421412938243E-4,0,53.07336300456347,0,21.8552999992288,50.0,4.059112323256851,-7.756421412938243E-4
12.89999999999997,21.8552999992288,-0.6455240043648194,DADA,0.0,-1.613576342233E12,4.059112323256851,-7.756421412938243E-4,0,53.07336300456347,0,21.8552999992288,50.0,4.059112323256851,-7.756421412938243E-4
12.99999999999997,21.8552999992288,-0.6455240043648194,DADA,0.0,-1.613576342233E12,4.059112323256851,-7.756421412938243E-4,0,53.07336300456347,0,21.8552999992288,50.0,4.059112323256851,-7.756421412938243E-4
13.09999999999997,21.8552999992288,-0.6455240043648194,DADA,0.0,-1.613576343153E12,4.56495405094652,-0.0016409925735184942,0,53.07336300456347,0,21.8552999992288,50.0,4.059112323256851,-7.756421412938243E-4
13.199999999999969,21.8552999992288,-0.6455240043648194,DADA,0.0,-1.613576343153E12,4.56495405094652,-0.0016409925735184942,0,52.906711908428875,0,21.8552999992288,50.0,4.56495405094652,-0.0016409925735184942
13.299999999999969,21.8552999992288,-0.6455240043648194,DADA,0.0,-1.613576343153E12,4.56495405094652,-0.0016409925735184942,0,52.906711908428875,0,21.8552999992288,50.0,4.56495405094652,-0.0016409925735184942
13.399999999999968,21.8552999992288,-0.6455240043648194,DADA,0.0,-1.613576343153E12,4.56495405094652,-0.0016409925735184942,0,52.906711908428875,0,21.8552999992288,50.0,4.56495405094652,-0.0016409925735184942
13.499999999999968,21.8552999992288,-0.6455240043648194,DADA,0.0,-1.613576343153E12,4.56495405094652,-0.0016409925735184942,0,52.906711908428875,0,21.8552999992288,50.0,4.56495405094652,-0.0016409925735184942
13.599999999999968,21.8552999992288,-0.6455240043648194,DADA,0.0,-1.613576343153E12,4.56495405094652,-0.0016409925735184942,0,52.906711908428875,0,21.8552999992288,50.0,4.56495405094652,-0.0016409925735184942
13.699999999999967,21.8552999992288,-0.6455240043648194,DADA,0.0,-1.613576343153E12,4.56495405094652,-0.0016409925735184942,0,52.906711908428875,0,21.8552999992288,50.0,4.56495405094652,-0.0016409925735184942
13.799999999999967,21.8552999992288,-0.6455240043648194,DADA,0.0,-1.613576343153E12,4.56495405094652,-0.0016409925735184942,0,52.906711908428875,0,21.8552999992288,50.0,4.56495405094652,-0.0016409925735184942
13.899999999999967,21.8552999992288,-0.6455240043648194,DADA,0.0,-1.613576343153E12,4.56495405094652,-0.0016409925735184942,0,52.906711908428875,0,21.8552999992288,50.0,4.56495405094652,-0.0016409925735184942
13.999999999999966,21.8552999992288,-0.6455240043648194,DADA,0.0,-1.613576343153E12,4.56495405094652,-0.0016409925735184942,0,52.906711908428875,0,21.8552999992288,50.0,4.56495405094652,-0.0016409925735184942
14.099999999999966,21.8552999992288,-0.6455240043648194,DADA,0.0,-1.61357634402E12,5.065095589986117,-0.0021257263948905383,0,52.906711908428875,0,21.8552999992288,50.0,4.56495405094652,-0.0016409925735184942
14.199999999999966,21.8552999992288,-0.6455240043648194,DADA,0.0,-1.61357634402E12,5.065095589986117,-0.0021257263948905383,0,52.74583908956568,0,21.8552999992288,50.0,5.065095589986117,-0.0021257263948905383
14.299999999999965,21.8552999992288,-0.6455240043648194,DADA,0.0,-1.61357634402E12,5.065095589986117,-0.0021257263948905383,0,52.74583908956568,0,21.8552999992288,50.0,5.065095589986117,-0.0021257263948905383
14.399999999999965,21.8552999992288,-0.6455240043648194,DADA,0.0,-1.61357634402E12,5.065095589986117,-0.0021257263948905383,0,52.74583908956568,0,21.8552999992288,50.0,5.065095589986117,-0.0021257263948905383
14.499999999999964,21.8552999992288,-0.6455240043648194,DADA,0.0,-1.61357634402E12,5.065095589986117,-0.0021257263948905383,0,52.74583908956568,0,21.8552999992288,50.0,5.065095589986117,-0.0021257263948905383
14.599999999999964,21.8552999992288,-0.6455240043648194,DADA,0.0,-1.61357634402E12,5.065095589986117,-0.0021257263948905383,0,52.74583908956568,0,21.8552999992288,50.0,5.065095589986117,-0.0021257263948905383
14.699999999999964,21.8552999992288,-0.6455240043648194,DADA,0.0,-1.61357634402E12,5.065095589986117,-0.0021257263948905383,0,52.74583908956568,0,21.8552999992288,50.0,5.065095589986117,-0.0021257263948905383
14.799999999999963,21.8552999992288,-0.6455240043648194,DADA,0.0,-1.61357634402E12,5.065095589986117,-0.0021257263948905383,0,52.74583908956568,0,21.8552999992288,50.0,5.065095589986117,-0.0021257263948905383
14.899999999999963,21.8552999992288,-0.6455240043648194,DADA,0.0,-1.61357634402E12,5.065095589986117,-0.0021257263948905383,0,52.74583908956568,0,21.8552999992288,50.0,5.065095589986117,-0.0021257263948905383
14.999999999999963,21.8552999992288,-0.6455240043648194,DADA,0.0,-1.61357634402E12,5.065095589986117,-0.0021257263948905383,0,52.74583908956568,0,21.8552999992288,50.0,5.065095589986117,-0.0021257263948905383
15.099999999999962,21.8552999992288,-0.6455240043648194,DADA,0.0,-1.61357634502E12,5.582673151993019,-0.0025843870329917847,0,52.74583908956568,0,21.8552999992288,50.0,5.065095589986117,-0.0021257263948905383
15.199999999999962,21.8552999992288,-0.6455240043648194,DADA,0.0,-1.61357634502E12,5.582673151993019,-0.0025843870329917847,0,52.58380767776079,0,21.8552999992288,50.0,5.582673151993019,-0.0025843870329917847
15.299999999999962,21.8552999992288,-0.6455240043648194,DADA,0.0,-1.61357634502E12,5.582673151993019,-0.0025843870329917847,0,52.58380767776079,0,21.8552999992288,50.0,5.582673151993019,-0.0025843870329917847
15.399999999999961,21.8552999992288,-0.6455240043648194,DADA,0.0,-1.61357634502E12,5.582673151993019,-0.0025843870329917847,0,52.58380767776079,0,21.8552999992288,50.0,5.582673151993019,-0.0025843870329917847
15.499999999999961,21.8552999992288,-0.6455240043648194,DADA,0.0,-1.61357634502E12,5.582673151993019,-0.0025843870329917847,0,52.58380767776079,0,21.8552999992288,50.0,5.582673151993019,-0.0025843870329917847
15.59999999999996,21.8552999992288,-0.6455240043648194,DADA,0.0,-1.61357634502E12,5.582673151993019,-0.0025843870329917847,0,52.58380767776079,0,21.8552999992288,50.0,5.582673151993019,-0.0025843870329917847
15.69999999999996,21.8552999992288,-0.6455240043648194,DADA,0.0,-1.61357634502E12,5.582673151993019,-0.0025843870329917847,0,52.58380767776079,0,21.8552999992288,50.0,5.582673151993019,-0.0025843870329917847
15.79999999999996,21.8552999992288,-0.6455240043648194,DADA,0.0,-1.61357634502E12,5.582673151993019,-0.0025843870329917847,0,52.58380767776079,0,21.8552999992288,50.0,5.582673151993019,-0.0025843870329917847
15.89999999999996,21.8552999992288,-0.6455240043648194,DADA,0.0,-1.61357634502E12,5.582673151993019,-0.0025843870329917847,0,52.58380767776079,0,21.8552999992288,50.0,5.582673151993019,-0.0025843870329917847
15.99999999999996,21.8552999992288,-0.6455240043648194,DADA,0.0,-1.61357634502E12,5.582673151993019,-0.0025843870329917847,0,52.58380767776079,0,21.8552999992288,50.0,5.582673151993019,-0.0025843870329917847
16.09999999999996,21.8552999992288,-0.6455240043648194,DADA,0.0,-1.613576345959E12,6.572178797795314,-0.003524429969735045,0,52.58380767776079,0,21.8552999992288,50.0,5.582673151993019,-0.0025843870329917847
16.19999999999996,21.8552999992288,-0.6455240043648194,DADA,0.0,-1.613576345959E12,6.572178797795314,-0.003524429969735045,0,52.28696060277635,0,21.8552999992288,50.0,6.572178797795314,-0.003524429969735045
16.29999999999996,21.8552999992288,-0.6455240043648194,DADA,0.0,-1.613576345959E12,6.572178797795314,-0.003524429969735045,0,52.28696060277635,0,21.8552999992288,50.0,6.572178797795314,-0.003524429969735045
16.399999999999963,21.8552999992288,-0.6455240043648194,DADA,0.0,-1.613576345959E12,6.572178797795314,-0.003524429969735045,0,52.28696060277635,0,21.8552999992288,50.0,6.572178797795314,-0.003524429969735045
16.499999999999964,21.8552999992288,-0.6455240043648194,DADA,0.0,-1.613576345959E12,6.572178797795314,-0.003524429969735045,0,52.28696060277635,0,21.8552999992288,50.0,6.572178797795314,-0.003524429969735045
16.599999999999966,21.8552999992288,-0.6455240043648194,DADA,0.0,-1.613576345959E12,6.572178797795314,-0.003524429969735045,0,52.28696060277635,0,21.8552999992288,50.0,6.572178797795314,-0.003524429969735045
16.699999999999967,21.8552999992288,-0.6455240043648194,DADA,0.0,-1.613576345959E12,6.572178797795314,-0.003524429969735045,0,52.28696060277635,0,21.8552999992288,50.0,6.572178797795314,-0.003524429969735045
16.79999999999997,21.8552999992288,-0.6455240043648194,DADA,0.0,-1.613576345959E12,6.572178797795314,-0.003524429969735045,0,52.28696060277635,0,21.8552999992288,50.0,6.572178797795314,-0.003524429969735045
16.89999999999997,21.8552999992288,-0.6455240043648194,DADA,0.0,-1.613576345959E12,6.572178797795314,-0.003524429969735045,0,52.28696060277635,0,21.8552999992288,50.0,6.572178797795314,-0.003524429969735045
16.99999999999997,21.8552999992288,-0.6455240043648194,DADA,0.0,-1.613576345959E12,6.572178797795314,-0.003524429969735045,0,52.28696060277635,0,21.8552999992288,50.0,6.572178797795314,-0.003524429969735045
17.099999999999973,21.8552999992288,-0.6455240043648194,DADA,0.0,-1.613576346873E12,7.969213735108075,-0.004836690110287135,0,52.28696060277635,0,21.8552999992288,50.0,6.572178797795314,-0.003524429969735045
17.199999999999974,21.8552999992288,-0.6455240043648194,DADA,0.0,-1.613576346873E12,7.969213735108075,-0.004836690110287135,0,51.897081653395524,0,21.8552999992288,50.0,7.969213735108075,-0.004836690110287135
17.299999999999976,21.8552999992288,-0.6455240043648194,DADA,0.0,-1.613576346873E12,7.969213735108075,-0.004836690110287135,0,51.897081653395524,0,21.8552999992288,50.0,7.969213735108075,-0.004836690110287135
17.399999999999977,21.8552999992288,-0.6455240043648194,DADA,0.0,-1.613576346873E12,7.969213735108075,-0.004836690110287135,0,51.897081653395524,0,21.8552999992288,50.0,7.969213735108075,-0.004836690110287135
17.49999999999998,21.8552999992288,-0.6455240043648194,DADA,0.0,-1.613576346873E12,7.969213735108075,-0.004836690110287135,0,51.897081653395524,0,21.8552999992288,50.0,7.969213735108075,-0.004836690110287135
17.59999999999998,21.8552999992288,-0.6455240043648194,DADA,0.0,-1.613576346873E12,7.969213735108075,-0.004836690110287135,0,51.897081653395524,0,21.8552999992288,50.0,7.969213735108075,-0.004836690110287135
17.69999999999998,21.8552999992288,-0.6455240043648194,DADA,0.0,-1.613576346873E12,7.969213735108075,-0.004836690110287135,0,51.897081653395524,0,21.8552999992288,50.0,7.969213735108075,-0.004836690110287135
17.799999999999983,21.8552999992288,-0.6455240043648194,DADA,0.0,-1.613576346873E12,7.969213735108075,-0.004836690110287135,0,51.897081653395524,0,21.8552999992288,50.0,7.969213735108075,-0.004836690110287135
17.899999999999984,21.8552999992288,-0.6455240043648194,DADA,0.0,-1.613576346873E12,7.969213735108075,-0.004836690110287135,0,51.897081653395524,0,21.8552999992288,50.0,7.969213735108075,-0.004836690110287135
17.999999999999986,21.8552999992288,-0.6455240043648194,DADA,0.0,-1.613576346873E12,7.969213735108075,-0.004836690110287135,0,51.897081653395524,0,21.8552999992288,50.0,7.969213735108075,-0.004836690110287135
18.099999999999987,21.8552999992288,-0.6455240043648194,DADA,0.0,-1.613576347911E12,9.374157165299216,-0.005500260983455054,0,51.897081653395524,0,21.8552999992288,50.0,7.969213735108075,-0.004836690110287135
18.19999999999999,21.8552999992288,-0.6455240043648194,DADA,0.0,-1.613576347911E12,9.374157165299216,-0.005500260983455054,0,51.53958656015944,0,21.8552999992288,50.0,9.374157165299216,-0.005500260983455054
18.29999999999999,21.8552999992288,-0.6455240043648194,DADA,0.0,-1.613576347911E12,9.374157165299216,-0.005500260983455054,0,51.53958656015944,0,21.8552999992288,50.0,9.374157165299216,-0.005500260983455054
18.39999999999999,21.8552999992288,-0.6455240043648194,DADA,0.0,-1.613576347911E12,9.374157165299216,-0.005500260983455054,0,51.53958656015944,0,21.8552999992288,50.0,9.374157165299216,-0.005500260983455054
18.499999999999993,21.8552999992288,-0.6455240043648194,DADA,0.0,-1.613576347911E12,9.374157165299216,-0.005500260983455054,0,51.53958656015944,0,21.8552999992288,50.0,9.374157165299216,-0.005500260983455054
18.599999999999994,21.8552999992288,-0.6455240043648194,DADA,0.0,-1.613576347911E12,9.374157165299216,-0.005500260983455054,0,51.53958656015944,0,21.8552999992288,50.0,9.374157165299216,-0.005500260983455054
18.699999999999996,21.8552999992288,-0.6455240043648194,DADA,0.0,-1.613576347911E12,9.374157165299216,-0.005500260983455054,0,51.53958656015944,0,21.8552999992288,50.0,9.374157165299216,-0.005500260983455054
18.799999999999997,21.8552999992288,-0.6455240043648194,DADA,0.0,-1.613576347911E12,9.374157165299216,-0.005500260983455054,0,51.53958656015944,0,21.8552999992288,50.0,9.374157165299216,-0.005500260983455054
18.9,21.8552999992288,-0.6455240043648194,DADA,0.0,-1.613576347911E12,9.374157165299216,-0.005500260983455054,0,51.53958656015944,0,21.8552999992288,50.0,9.374157165299216,-0.005500260983455054
19.0,21.8552999992288,-0.6455240043648194,DADA,0.0,-1.613576347911E12,9.374157165299216,-0.005500260983455054,0,51.53958656015944,0,21.8552999992288,50.0,9.374157165299216,-0.005500260983455054
19.1,21.8552999992288,-0.6455240043648194,DADA,0.0,-1.613576348836E12,10.775467149166904,-0.005905547530266467,0,51.53958656015944,0,21.8552999992288,50.0,9.374157165299216,-0.005500260983455054
19.200000000000003,21.8552999992288,-0.6455240043648194,DADA,0.0,-1.613576348836E12,10.775467149166904,-0.005905547530266467,0,51.21868102180911,0,21.8552999992288,50.0,10.775467149166904,-0.005905547530266467
19.300000000000004,21.8552999992288,-0.6455240043648194,DADA,0.0,-1.613576348836E12,10.775467149166904,-0.005905547530266467,0,51.21868102180911,0,21.8552999992288,50.0,10.775467149166904,-0.005905547530266467
19.400000000000006,21.8552999992288,-0.6455240043648194,DADA,0.0,-1.613576348836E12,10.775467149166904,-0.005905547530266467,0,51.21868102180911,0,21.8552999992288,50.0,10.775467149166904,-0.005905547530266467
19.500000000000007,21.8552999992288,-0.6455240043648194,DADA,0.0,-1.613576348836E12,10.775467149166904,-0.005905547530266467,0,51.21868102180911,0,21.8552999992288,50.0,10.775467149166904,-0.005905547530266467
19.60000000000001,21.8552999992288,-0.6455240043648194,DADA,0.0,-1.613576348836E12,10.775467149166904,-0.005905547530266467,0,51.21868102180911,0,21.8552999992288,50.0,10.775467149166904,-0.005905547530266467
19.70000000000001,21.8552999992288,-0.6455240043648194,DADA,0.0,-1.613576348836E12,10.775467149166904,-0.005905547530266467,0,51.21868102180911,0,21.8552999992288,50.0,10.775467149166904,-0.005905547530266467
19.80000000000001,21.8552999992288,-0.6455240043648194,DADA,0.0,-1.613576348836E12,10.775467149166904,-0.005905547530266467,0,51.21868102180911,0,21.8552999992288,50.0,10.775467149166904,-0.005905547530266467
19.900000000000013,21.8552999992288,-0.6455240043648194,DADA,0.0,-1.613576348836E12,10.775467149166904,-0.005905547530266467,0,51.21868102180911,0,21.8552999992288,50.0,10.775467149166904,-0.005905547530266467
20.000000000000014,21.8552999992288,-0.6455240043648194,DADA,0.0,-1.613576348836E12,10.775467149166904,-0.005905547530266467,0,51.21868102180911,0,21.8552999992288,50.0,10.775467149166904,-0.005905547530266467
20.100000000000016,21.8552999992288,-0.6455240043648194,DADA,0.0,-1.61357634969E12,12.17703597775519,-0.006389787031540346,0,51.21868102180911,0,21.8552999992288,50.0,10.775467149166904,-0.005905547530266467
20.200000000000017,21.8552999992288,-0.6455240043648194,DADA,0.0,-1.61357634969E12,12.17703597775519,-0.006389787031540346,0,50.93434807673386,0,21.8552999992288,50.0,12.17703597775519,-0.006389787031540346
20.30000000000002,21.8552999992288,-0.6455240043648194,DADA,0.0,-1.61357634969E12,12.17703597775519,-0.006389787031540346,0,50.93434807673386,0,21.8552999992288,50.0,12.17703597775519,-0.006389787031540346
20.40000000000002,21.8552999992288,-0.6455240043648194,DADA,0.0,-1.61357634969E12,12.17703597775519,-0.006389787031540346,0,50.93434807673386,0,21.8552999992288,50.0,12.17703597775519,-0.006389787031540346
20.50000000000002,21.8552999992288,-0.6455240043648194,DADA,0.0,-1.61357634969E12,12.17703597775519,-0.006389787031540346,0,50.93434807673386,0,21.8552999992288,50.0,12.17703597775519,-0.006389787031540346
20.600000000000023,21.8552999992288,-0.6455240043648194,DADA,0.0,-1.61357634969E12,12.17703597775519,-0.006389787031540346,0,50.93434807673386,0,21.8552999992288,50.0,12.17703597775519,-0.006389787031540346
20.700000000000024,21.8552999992288,-0.6455240043648194,DADA,0.0,-1.61357634969E12,12.17703597775519,-0.006389787031540346,0,50.93434807673386,0,21.8552999992288,50.0,12.17703597775519,-0.006389787031540346
20.800000000000026,21.8552999992288,-0.6455240043648194,DADA,0.0,-1.61357634969E12,12.17703597775519,-0.006389787031540346,0,50.93434807673386,0,21.8552999992288,50.0,12.17703597775519,-0.006389787031540346
20.900000000000027,21.8552999992288,-0.6455240043648194,DADA,0.0,-1.61357634969E12,12.17703597775519,-0.006389787031540346,0,50.93434807673386,0,21.8552999992288,50.0,12.17703597775519,-0.006389787031540346
21.00000000000003,21.8552999992288,-0.6455240043648194,DADA,0.0,-1.61357634969E12,12.17703597775519,-0.006389787031540346,0,50.93434807673386,0,21.8552999992288,50.0,12.17703597775519,-0.006389787031540346
21.10000000000003,21.8552999992288,-0.6455240043648194,DADA,0.0,-1.613576350511E12,13.57660647807477,-0.006295627013822629,0,50.93434807673386,0,21.8552999992288,50.0,12.17703597775519,-0.006389787031540346
21.20000000000003,21.8552999992288,-0.6455240043648194,DADA,0.0,-1.613576350511E12,13.57660647807477,-0.006295627013822629,0,50.68694475654949,0,21.8552999992288,50.0,13.57660647807477,-0.006295627013822629
21.300000000000033,21.8552999992288,-0.6455240043648194,DADA,0.0,-1.613576350511E12,13.57660647807477,-0.006295627013822629,0,50.68694475654949,0,21.8552999992288,50.0,13.57660647807477,-0.006295627013822629
21.400000000000034,21.8552999992288,-0.6455240043648194,DADA,0.0,-1.613576350511E12,13.57660647807477,-0.006295627013822629,0,50.68694475654949,0,21.8552999992288,50.0,13.57660647807477,-0.006295627013822629
21.500000000000036,21.8552999992288,-0.6455240043648194,DADA,0.0,-1.613576350511E12,13.57660647807477,-0.006295627013822629,0,50.68694475654949,0,21.8552999992288,50.0,13.57660647807477,-0.006295627013822629
21.600000000000037,21.8552999992288,-0.6455240043648194,DADA,0.0,-1.613576350511E12,13.57660647807477,-0.006295627013822629,0,50.68694475654949,0,21.8552999992288,50.0,13.57660647807477,-0.006295627013822629
21.70000000000004,21.8552999992288,-0.6455240043648194,DADA,0.0,-1.613576350511E12,13.57660647807477,-0.006295627013822629,0,50.68694475654949,0,21.8552999992288,50.0,13.57660647807477,-0.006295627013822629
21.80000000000004,21.8552999992288,-0.6455240043648194,DADA,0.0,-1.613576350511E12,13.57660647807477,-0.006295627013822629,0,50.68694475654949,0,21.8552999992288,50.0,13.57660647807477,-0.006295627013822629
21.90000000000004,21.8552999992288,-0.6455240043648194,DADA,0.0,-1.613576350511E12,13.57660647807477,-0.006295627013822629,0,50.68694475654949,0,21.8552999992288,50.0,13.57660647807477,-0.006295627013822629
22.000000000000043,21.8552999992288,-0.6455240043648194,DADA,0.0,-1.613576350511E12,13.57660647807477,-0.006295627013822629,0,50.68694475654949,0,21.8552999992288,50.0,13.57660647807477,-0.006295627013822629
22.100000000000044,21.8552999992288,-0.6455240043648194,DADA,0.0,-1.613576351507E12,14.98071518197681,-0.006001149573962895,0,50.68694475654949,0,21.8552999992288,50.0,13.57660647807477,-0.006295627013822629
22.200000000000045,21.8552999992288,-0.6455240043648194,DADA,0.0,-1.613576351507E12,14.98071518197681,-0.006001149573962895,0,50.47633175440529,0,21.8552999992288,50.0,14.98071518197681,-0.006001149573962895
22.300000000000047,21.8552999992288,-0.6455240043648194,DADA,0.0,-1.613576351507E12,14.98071518197681,-0.006001149573962895,0,50.47633175440529,0,21.8552999992288,50.0,14.98071518197681,-0.006001149573962895
22.40000000000005,21.8552999992288,-0.6455240043648194,DADA,0.0,-1.613576351507E12,14.98071518197681,-0.006001149573962895,0,50.47633175440529,0,21.8552999992288,50.0,14.98071518197681,-0.006001149573962895
22.50000000000005,21.8552999992288,-0.6455240043648194,DADA,0.0,-1.613576351507E12,14.98071518197681,-0.006001149573962895,0,50.47633175440529,0,21.8552999992288,50.0,14.98071518197681,-0.006001149573962895
22.60000000000005,21.8552999992288,-0.6455240043648194,DADA,0.0,-1.613576351507E12,14.98071518197681,-0.006001149573962895,0,50.47633175440529,0,21.8552999992288,50.0,14.98071518197681,-0.006001149573962895
22.700000000000053,21.8552999992288,-0.6455240043648194,DADA,0.0,-1.613576351507E12,14.98071518197681,-0.006001149573962895,0,50.47633175440529,0,21.8552999992288,50.0,14.98071518197681,-0.006001149573962895
22.800000000000054,21.8552999992288,-0.6455240043648194,DADA,0.0,-1.613576351507E12,14.98071518197681,-0.006001149573962895,0,50.47633175440529,0,21.8552999992288,50.0,14.98071518197681,-0.006001149573962895
22.900000000000055,21.8552999992288,-0.6455240043648194,DADA,0.0,-1.613576351507E12,14.98071518197681,-0.006001149573962895,0,50.47633175440529,0,21.8552999992288,50.0,14.98071518197681,-0.006001149573962895
23.000000000000057,21.8552999992288,-0.6455240043648194,DADA,0.0,-1.613576351507E12,14.98071518197681,-0.006001149573962895,0,50.47633175440529,0,21.8552999992288,50.0,14.98071518197681,-0.006001149573962895
23.10000000000006,21.8552999992288,-0.6455240043648194,DADA,9.822542779147625E-11,-1.613576352314E12,16.379922524311777,-0.005279964341575872,0,50.47633175440529,0,21.8552999992288,50.0,14.98071518197681,-0.006001149573962895
23.20000000000006,21.8552999992288,-0.6455240043648194,DADA,9.822542779147625E-11,-1.613576352314E12,16.379922524311777,-0.005279964341575872,0,50.304152739162696,0,21.8552999992288,50.0,16.379922524311777,-0.005279964341575872
23.30000000000006,21.8552999992288,-0.6455240043648194,DADA,9.822542779147625E-11,-1.613576352314E12,16.379922524311777,-0.005279964341575872,0,50.304152739162696,0,21.8552999992288,50.0,16.379922524311777,-0.005279964341575872
23.400000000000063,21.8552999992288,-0.6455240043648194,DADA,9.822542779147625E-11,-1.613576352314E12,16.379922524311777,-0.005279964341575872,0,50.304152739162696,0,21.8552999992288,50.0,16.379922524311777,-0.005279964341575872
23.500000000000064,21.8552999992288,-0.6455240043648194,DADA,9.822542779147625E-11,-1.613576352314E12,16.379922524311777,-0.005279964341575872,0,50.304152739162696,0,21.8552999992288,50.0,16.379922524311777,-0.005279964341575872
23.600000000000065,21.8552999992288,-0.6455240043648194,DADA,9.822542779147625E-11,-1.613576352314E12,16.379922524311777,-0.005279964341575872,0,50.304152739162696,0,21.8552999992288,50.0,16.379922524311777,-0.005279964341575872
23.700000000000067,21.8552999992288,-0.6455240043648194,DADA,9.822542779147625E-11,-1.613576352314E12,16.379922524311777,-0.005279964341575872,0,50.304152739162696,0,21.8552999992288,50.0,16.379922524311777,-0.005279964341575872
23.800000000000068,21.8552999992288,-0.6455240043648194,DADA,9.822542779147625E-11,-1.613576352314E12,16.379922524311777,-0.005279964341575872,0,50.304152739162696,0,21.8552999992288,50.0,16.379922524311777,-0.005279964341575872
23.90000000000007,21.8552999992288,-0.6455240043648194,DADA,9.822542779147625E-11,-1.613576352314E12,16.379922524311777,-0.005279964341575872,0,50.304152739162696,0,21.8552999992288,50.0,16.379922524311777,-0.005279964341575872
24.00000000000007,21.8552999992288,-0.6455240043648194,DADA,9.822542779147625E-11,-1.613576352314E12,16.379922524311777,-0.005279964341575872,0,50.304152739162696,0,21.8552999992288,50.0,16.379922524311777,-0.005279964341575872
24.100000000000072,21.8552999992288,-0.6455240043648194,DADA,9.822542779147625E-11,-1.613576353262E12,17.78337927556009,-9.354032492441116E-4,0,50.304152739162696,0,21.8552999992288,50.0,16.379922524311777,-0.005279964341575872
24.200000000000074,21.8552999992288,-0.6455240043648194,DADA,9.822542779147625E-11,-1.613576353262E12,17.78337927556009,-9.354032492441116E-4,0,50.16646369418265,0,21.8552999992288,50.0,17.78337927556009,-9.354032492441116E-4
24.300000000000075,21.8552999992288,-0.6455240043648194,DADA,9.822542779147625E-11,-1.613576353262E12,17.78337927556009,-9.354032492441116E-4,0,50.16646369418265,0,21.8552999992288,50.0,17.78337927556009,-9.354032492441116E-4
24.400000000000077,21.8552999992288,-0.6455240043648194,DADA,9.822542779147625E-11,-1.613576353262E12,17.78337927556009,-9.354032492441116E-4,0,50.16646369418265,0,21.8552999992288,50.0,17.78337927556009,-9.354032492441116E-4
24.500000000000078,21.8552999992288,-0.6455240043648194,DADA,9.822542779147625E-11,-1.613576353262E12,17.78337927556009,-9.354032492441116E-4,0,50.16646369418265,0,21.8552999992288,50.0,17.78337927556009,-9.354032492441116E-4
24.60000000000008,21.8552999992288,-0.6455240043648194,DADA,9.822542779147625E-11,-1.613576353262E12,17.78337927556009,-9.354032492441116E-4,0,50.16646369418265,0,21.8552999992288,50.0,17.78337927556009,-9.354032492441116E-4
24.70000000000008,21.8552999992288,-0.6455240043648194,DADA,9.822542779147625E-11,-1.613576353262E12,17.78337927556009,-9.354032492441116E-4,0,50.16646369418265,0,21.8552999992288,50.0,17.78337927556009,-9.354032492441116E-4
24.800000000000082,21.8552999992288,-0.6455240043648194,DADA,9.822542779147625E-11,-1.613576353262E12,17.78337927556009,-9.354032492441116E-4,0,50.16646369418265,0,21.8552999992288,50.0,17.78337927556009,-9.354032492441116E-4
24.900000000000084,21.8552999992288,-0.6455240043648194,DADA,9.822542779147625E-11,-1.613576353262E12,17.78337927556009,-9.354032492441116E-4,0,50.16646369418265,0,21.8552999992288,50.0,17.78337927556009,-9.354032492441116E-4
25.000000000000085,21.8552999992288,-0.6455240043648194,DADA,9.822542779147625E-11,-1.613576353262E12,17.78337927556009,-9.354032492441116E-4,0,50.16646369418265,0,21.8552999992288,50.0,17.78337927556009,-9.354032492441116E-4
25.100000000000087,22.43374227050847,-0.6425109325489915,DADA,9.822542779147625E-11,-1.613576354068E12,19.185385412677984,0.0031993891409807813,0,50.16646369418265,0,21.8552999992288,50.0,17.78337927556009,-9.354032492441116E-4
25.200000000000088,22.43374227050847,-0.6425109325489915,DADA,9.822542779147625E-11,-1.613576354068E12,19.185385412677984,0.0031993891409807813,0,50.10221445802378,0,22.43374227050847,50.0,19.185385412677984,0.0031993891409807813
25.30000000000009,22.43374227050847,-0.6425109325489915,DADA,9.822542779147625E-11,-1.613576354068E12,19.185385412677984,0.0031993891409807813,0,50.10221445802378,0,22.43374227050847,50.0,19.185385412677984,0.0031993891409807813
25.40000000000009,22.43374227050847,-0.6425109325489915,DADA,9.822542779147625E-11,-1.613576354068E12,19.185385412677984,0.0031993891409807813,0,50.10221445802378,0,22.43374227050847,50.0,19.185385412677984,0.0031993891409807813
25.500000000000092,22.43374227050847,-0.6425109325489915,DADA,9.822542779147625E-11,-1.613576354068E12,19.185385412677984,0.0031993891409807813,0,50.10221445802378,0,22.43374227050847,50.0,19.185385412677984,0.0031993891409807813
25.600000000000094,22.43374227050847,-0.6425109325489915,DADA,9.822542779147625E-11,-1.613576354068E12,19.185385412677984,0.0031993891409807813,0,50.10221445802378,0,22.43374227050847,50.0,19.185385412677984,0.0031993891409807813
25.700000000000095,22.43374227050847,-0.6425109325489915,DADA,9.822542779147625E-11,-1.613576354068E12,19.185385412677984,0.0031993891409807813,0,50.10221445802378,0,22.43374227050847,50.0,19.185385412677984,0.0031993891409807813
25.800000000000097,22.43374227050847,-0.6425109325489915,DADA,9.822542779147625E-11,-1.613576354068E12,19.185385412677984,0.0031993891409807813,0,50.10221445802378,0,22.43374227050847,50.0,19.185385412677984,0.0031993891409807813
25.900000000000098,22.43374227050847,-0.6425109325489915,DADA,9.822542779147625E-11,-1.613576354068E12,19.185385412677984,0.0031993891409807813,0,50.10221445802378,0,22.43374227050847,50.0,19.185385412677984,0.0031993891409807813
26.0000000000001,22.43374227050847,-0.6425109325489915,DADA,9.822542779147625E-11,-1.613576354068E12,19.185385412677984,0.0031993891409807813,0,50.10221445802378,0,22.43374227050847,50.0,19.185385412677984,0.0031993891409807813
26.1000000000001,23.833041131681195,-0.6447661880185749,DADA,9.822542779147625E-11,-1.613576355203E12,20.585988937645663,0.005646607147821951,0,50.10221445802378,0,22.43374227050847,50.0,19.185385412677984,0.0031993891409807813
26.200000000000102,23.833041131681195,-0.6447661880185749,DADA,9.822542779147625E-11,-1.613576355203E12,20.585988937645663,0.005646607147821951,0,50.09968781459801,0,23.833041131681195,50.0,20.585988937645663,0.005646607147821951
26.300000000000104,23.833041131681195,-0.6447661880185749,DADA,9.822542779147625E-11,-1.613576355203E12,20.585988937645663,0.005646607147821951,0,50.09968781459801,0,23.833041131681195,50.0,20.585988937645663,0.005646607147821951
26.400000000000105,23.833041131681195,-0.6447661880185749,DADA,9.822542779147625E-11,-1.613576355203E12,20.585988937645663,0.005646607147821951,0,50.09968781459801,0,23.833041131681195,50.0,20.585988937645663,0.005646607147821951
26.500000000000107,23.833041131681195,-0.6447661880185749,DADA,9.822542779147625E-11,-1.613576355203E12,20.585988937645663,0.005646607147821951,0,50.09968781459801,0,23.833041131681195,50.0,20.585988937645663,0.005646607147821951
26.600000000000108,23.833041131681195,-0.6447661880185749,DADA,9.822542779147625E-11,-1.613576355203E12,20.585988937645663,0.005646607147821951,0,50.09968781459801,0,23.833041131681195,50.0,20.585988937645663,0.005646607147821951
26.70000000000011,23.833041131681195,-0.6447661880185749,DADA,9.822542779147625E-11,-1.613576355203E12,20.585988937645663,0.005646607147821951,0,50.09968781459801,0,23.833041131681195,50.0,20.585988937645663,0.005646607147821951
26.80000000000011,23.833041131681195,-0.6447661880185749,DADA,9.822542779147625E-11,-1.613576355203E12,20.585988937645663,0.005646607147821951,0,50.09968781459801,0,23.833041131681195,50.0,20.585988937645663,0.005646607147821951
26.900000000000112,23.833041131681195,-0.6447661880185749,DADA,9.822542779147625E-11,-1.613576355203E12,20.585988937645663,0.005646607147821951,0,50.09968781459801,0,23.833041131681195,50.0,20.585988937645663,0.005646607147821951
27.000000000000114,23.833041131681195,-0.6447661880185749,DADA,9.822542779147625E-11,-1.613576355203E12,20.585988937645663,0.005646607147821951,0,50.09968781459801,0,23.833041131681195,50.0,20.585988937645663,0.005646607147821951
27.100000000000115,25.232705068076037,-0.6433376905923432,DADA,9.822542779147625E-11,-1.613576356223E12,21.98540422318736,0.006419605327873938,0,50.09968781459801,0,23.833041131681195,50.0,20.585988937645663,0.005646607147821951
27.200000000000117,25.232705068076037,-0.6433376905923432,DADA,9.822542779147625E-11,-1.613576356223E12,21.98540422318736,0.006419605327873938,0,50.09893255804718,0,25.232705068076037,50.0,21.98540422318736,0.006419605327873938
27.300000000000118,25.232705068076037,-0.6433376905923432,DADA,9.822542779147625E-11,-1.613576356223E12,21.98540422318736,0.006419605327873938,0,50.09893255804718,0,25.232705068076037,50.0,21.98540422318736,0.006419605327873938
27.40000000000012,25.232705068076037,-0.6433376905923432,DADA,9.822542779147625E-11,-1.613576356223E12,21.98540422318736,0.006419605327873938,0,50.09893255804718,0,25.232705068076037,50.0,21.98540422318736,0.006419605327873938
27.50000000000012,25.232705068076037,-0.6433376905923432,DADA,9.822542779147625E-11,-1.613576356223E12,21.98540422318736,0.006419605327873938,0,50.09893255804718,0,25.232705068076037,50.0,21.98540422318736,0.006419605327873938
27.600000000000122,25.232705068076037,-0.6433376905923432,DADA,9.822542779147625E-11,-1.613576356223E12,21.98540422318736,0.006419605327873938,0,50.09893255804718,0,25.232705068076037,50.0,21.98540422318736,0.006419605327873938
27.700000000000124,25.232705068076037,-0.6433376905923432,DADA,9.822542779147625E-11,-1.613576356223E12,21.98540422318736,0.006419605327873938,0,50.09893255804718,0,25.232705068076037,50.0,21.98540422318736,0.006419605327873938
27.800000000000125,25.232705068076037,-0.6433376905923432,DADA,9.822542779147625E-11,-1.613576356223E12,21.98540422318736,0.006419605327873938,0,50.09893255804718,0,25.232705068076037,50.0,21.98540422318736,0.006419605327873938
27.900000000000126,25.232705068076037,-0.6433376905923432,DADA,9.822542779147625E-11,-1.613576356223E12,21.98540422318736,0.006419605327873938,0,50.09893255804718,0,25.232705068076037,50.0,21.98540422318736,0.006419605327873938
28.000000000000128,25.232705068076037,-0.6433376905923432,DADA,9.822542779147625E-11,-1.613576356223E12,21.98540422318736,0.006419605327873938,0,50.09893255804718,0,25.232705068076037,50.0,21.98540422318736,0.006419605327873938
28.10000000000013,26.633883737681256,-0.6425127018934853,DADA,9.822542779147625E-11,-1.61357635723E12,23.386444699813428,0.008092280621666737,0,50.09893255804718,0,25.232705068076037,50.0,21.98540422318736,0.006419605327873938
28.20000000000013,26.633883737681256,-0.6425127018934853,DADA,9.822542779147625E-11,-1.61357635723E12,23.386444699813428,0.008092280621666737,0,50.09727235815845,0,26.633883737681256,50.0,23.386444699813428,0.008092280621666737
28.300000000000132,26.633883737681256,-0.6425127018934853,DADA,9.822542779147625E-11,-1.61357635723E12,23.386444699813428,0.008092280621666737,0,50.09727235815845,0,26.633883737681256,50.0,23.386444699813428,0.008092280621666737
28.400000000000134,26.633883737681256,-0.6425127018934853,DADA,9.822542779147625E-11,-1.61357635723E12,23.386444699813428,0.008092280621666737,0,50.09727235815845,0,26.633883737681256,50.0,23.386444699813428,0.008092280621666737
28.500000000000135,26.633883737681256,-0.6425127018934853,DADA,9.822542779147625E-11,-1.61357635723E12,23.386444699813428,0.008092280621666737,0,50.09727235815845,0,26.633883737681256,50.0,23.386444699813428,0.008092280621666737
28.600000000000136,26.633883737681256,-0.6425127018934853,DADA,9.822542779147625E-11,-1.61357635723E12,23.386444699813428,0.008092280621666737,0,50.09727235815845,0,26.633883737681256,50.0,23.386444699813428,0.008092280621666737
28.700000000000138,26.633883737681256,-0.6425127018934853,DADA,9.822542779147625E-11,-1.61357635723E12,23.386444699813428,0.008092280621666737,0,50.09727235815845,0,26.633883737681256,50.0,23.386444699813428,0.008092280621666737
28.80000000000014,26.633883737681256,-0.6425127018934853,DADA,9.822542779147625E-11,-1.61357635723E12,23.386444699813428,0.008092280621666737,0,50.09727235815845,0,26.633883737681256,50.0,23.386444699813428,0.008092280621666737
28.90000000000014,26.633883737681256,-0.6425127018934853,DADA,9.822542779147625E-11,-1.61357635723E12,23.386444699813428,0.008092280621666737,0,50.09727235815845,0,26.633883737681256,50.0,23.386444699813428,0.008092280621666737
29.000000000000142,26.633883737681256,-0.6425127018934853,DADA,9.822542779147625E-11,-1.61357635723E12,23.386444699813428,0.008092280621666737,0,50.09727235815845,0,26.633883737681256,50.0,23.386444699813428,0.008092280621666737
29.100000000000144,28.03358373309008,-0.6409205011589528,DADA,9.822542779147625E-11,-1.613576358372E12,24.785817403693027,0.010142928127407158,0,50.09727235815845,0,26.633883737681256,50.0,23.386444699813428,0.008092280621666737
29.200000000000145,28.03358373309008,-0.6409205011589528,DADA,9.822542779147625E-11,-1.613576358372E12,24.785817403693027,0.010142928127407158,1,3.312381276260225,1,28.03358373309008,-0.6409205011589528,24.785817403693027,0.010142928127407158
29.300000000000146,28.03358373309008,-0.6409205011589528,DADA,9.822542779147625E-11,-1.613576358372E12,24.785817403693027,0.010142928127407158,1,3.312381276260225,1,28.03358373309008,-0.6409205011589528,24.785817403693027,0.010142928127407158
29.400000000000148,28.03358373309008,-0.6409205011589528,DADA,9.822542779147625E-11,-1.613576358372E12,24.785817403693027,0.010142928127407158,1,3.312381276260225,1,28.03358373309008,-0.6409205011589528,24.785817403693027,0.010142928127407158
29.50000000000015,28.03358373309008,-0.6409205011589528,DADA,9.822542779147625E-11,-1.613576358372E12,24.785817403693027,0.010142928127407158,1,3.312381276260225,1,28.03358373309008,-0.6409205011589528,24.785817403693027,0.010142928127407158
29.60000000000015,28.03358373309008,-0.6409205011589528,DADA,9.822542779147625E-11,-1.613576358372E12,24.785817403693027,0.010142928127407158,1,3.312381276260225,1,28.03358373309008,-0.6409205011589528,24.785817403693027,0.010142928127407158
29.700000000000152,28.03358373309008,-0.6409205011589528,DADA,9.822542779147625E-11,-1.613576358372E12,24.785817403693027,0.010142928127407158,1,3.312381276260225,1,28.03358373309008,-0.6409205011589528,24.785817403693027,0.010142928127407158
29.800000000000153,28.03358373309008,-0.6409205011589528,DADA,9.822542779147625E-11,-1.613576358372E12,24.785817403693027,0.010142928127407158,1,3.312381276260225,1,28.03358373309008,-0.6409205011589528,24.785817403693027,0.010142928127407158
29.900000000000155,28.03358373309008,-0.6409205011589528,DADA,9.822542779147625E-11,-1.613576358372E12,24.785817403693027,0.010142928127407158,1,3.312381276260225,1,28.03358373309008,-0.6409205011589528,24.785817403693027,0.010142928127407158
